account_id,customer_name,ic_number,segment,branch_code,account_open_date,balance_myr
A000001,Wei Ming Nair,920704-07-2935,mass,JB01,2019-08-20,11677.22
A000002,Ahmad Lim,941204-09-6602,affluent,KL01,2012-01-07,114094.70
A000003,Siti Rahman,640302-05-4678,mass,KL02,2009-06-07,17348.22
A000004,Kumar Ismail,651210-03-5398,mass,KC01,2021-12-15,14974.78
A000005,Jason Lim,590723-16-2448,mass,KL01,2009-09-01,6780.22
A000006,Ravi Nair,570609-12-5272,mass,KL01,2016-07-02,5754.99
A000007,Siti Lim,990316-16-1277,mass,KT01,2023-01-30,12874.60
A000008,Kumar Tan,700225-03-6945,affluent,ML01,2023-12-11,373298.99
A000009,Jason Tan,521210-01-6167,mass,PJ01,2024-09-24,14302.22
A000010,Ravi Tan,991008-07-4960,mass,PG01,2025-06-26,12586.96
A000011,Ahmad Abdullah,510728-10-5230,mass,JB01,2021-02-18,1620.39
A000012,Kumar Raj,990521-02-1314,private,IP01,2014-10-10,3449111.88
A000013,Mei Ling Rahman,781003-16-8088,mass,JB01,2015-10-01,2153.56
A000014,Siti Raj,960618-05-8834,affluent,JB01,2014-08-31,106532.14
A000015,Nurul Lim,010302-05-5658,mass,PG01,2019-08-18,5120.23
A000016,Kumar Nair,961201-01-8624,mass,KL02,2015-07-09,7801.91
A000017,Aisha Raj,020326-04-5210,mass,KL01,2019-10-27,11551.27
A000018,Ravi Abdullah,540522-12-3968,mass,PJ01,2012-12-12,6021.81
A000019,Jason Nair,840315-07-9329,mass,KL02,2007-05-30,18322.65
A000020,Priya Tan,521002-14-6116,mass,PJ01,2006-06-13,8618.43
A000021,Jason Tan,770404-14-6209,mass,KL01,2023-08-28,15685.86
A000022,Mei Ling Wong,561205-01-7284,affluent,KK01,2021-06-06,55878.83
A000023,Jason Raj,890101-09-8446,affluent,KK01,2010-02-21,290703.85
A000024,Siti Raj,971020-02-2760,mass,ML01,2016-08-14,1662.45
A000025,Mei Ling Ismail,030313-13-0117,mass,ML01,2006-05-22,232.71
A000026,Nurul Krishnan,830103-07-1518,private,KL02,2018-07-12,2136077.63
A000027,Kumar Lim,570328-04-3919,affluent,ML01,2018-12-13,397866.49
A000028,Ravi Lim,870924-12-9999,mass,JB01,2015-02-14,17248.09
A000029,Ahmad Tan,540221-16-6870,mass,IP01,2022-04-25,11765.66
A000030,Aisha Raj,971108-06-2408,mass,PG01,2012-06-16,2101.12
A000031,Mei Ling Tan,610331-01-6420,affluent,KK01,2024-08-17,83810.27
A000032,Ahmad Abdullah,560301-11-9326,mass,KK01,2021-06-09,14853.90
A000033,Kumar Ismail,610107-11-0506,mass,PJ01,2010-12-01,13351.54
A000034,Jason Rahman,540205-10-0954,affluent,PJ01,2013-01-04,246042.28
A000035,Nurul Abdullah,880905-05-9810,mass,KT01,2019-05-24,15647.37
A000036,Priya Ismail,670418-03-7062,mass,KK01,2008-01-31,18632.20
A000037,Mei Ling Ismail,761107-14-1497,mass,KL01,2009-04-23,9044.55
A000038,Nurul Wong,971231-07-5582,affluent,KK01,2021-10-20,276912.16
A000039,Wei Ming Lim,781015-07-2765,mass,IP01,2023-07-14,19259.67
A000040,Ravi Lim,610206-05-3389,mass,ML01,2024-05-30,11432.93
A000041,Wei Ming Rahman,951201-12-4373,mass,KT01,2021-06-15,9859.82
A000042,Wei Ming Lim,720408-10-5909,mass,JB01,2025-03-25,8447.09
A000043,Nurul Lim,820728-11-6037,mass,ML01,2024-09-07,11908.21
A000044,Kumar Krishnan,611221-05-5033,mass,KC01,2014-04-06,13086.75
A000045,Aisha Ismail,981005-03-0241,mass,PG01,2009-12-23,17844.56
A000046,Ahmad Abdullah,571002-16-0940,affluent,JB01,2008-01-23,154681.86
A000047,Aisha Nair,800423-12-2217,mass,KL01,2010-10-19,16083.36
A000048,Kumar Wong,690911-16-8054,mass,KC01,2009-10-19,19613.29
A000049,Priya Ismail,661217-06-6445,mass,PJ01,2017-07-01,9848.44
A000050,Jason Hassan,500819-08-8986,affluent,IP01,2010-08-07,74699.26
A000051,Ravi Tan,511019-09-5213,mass,PG01,2015-11-13,6608.68
A000052,Wei Ming Raj,820221-14-9015,mass,KL01,2011-10-21,15244.82
A000053,Mei Ling Rahman,561211-13-5954,mass,ML01,2023-11-13,13006.60
A000054,Aisha Wong,561110-16-9614,mass,KC01,2011-07-14,13737.87
A000055,Mei Ling Nair,951008-10-7121,mass,KL02,2005-11-30,9030.03
A000056,Ravi Raj,841023-15-6542,mass,PG01,2014-09-17,2290.47
A000057,Siti Tan,040109-01-0109,mass,KL02,2021-04-15,18032.58
A000058,Nurul Wong,550404-06-0525,mass,IP01,2008-08-07,6338.87
A000059,Ahmad Krishnan,961024-01-5529,mass,KL02,2007-03-02,14073.29
A000060,Mei Ling Hassan,780504-11-9730,mass,KT01,2014-12-26,17478.97
A000061,Aisha Ismail,760511-08-8415,mass,JB01,2005-06-09,14240.50
A000062,Siti Hassan,740116-06-5924,mass,IP01,2022-03-01,8015.27
A000063,Mei Ling Wong,520224-03-9943,mass,PJ01,2021-07-01,3589.83
A000064,Ahmad Wong,570116-11-1732,mass,KT01,2011-03-22,5714.74
A000065,Siti Hassan,640513-01-4473,mass,KT01,2020-10-30,1911.34
A000066,Priya Wong,661221-04-7555,mass,KT01,2021-11-10,7891.21
A000067,Siti Tan,670906-01-9301,mass,KK01,2020-03-26,10809.20
A000068,Priya Lim,500205-02-8852,mass,KC01,2019-12-23,2706.72
A000069,Jason Abdullah,940712-15-5854,mass,ML01,2023-02-14,14304.40
A000070,Kumar Lim,990501-08-2372,mass,PG01,2022-09-13,10389.83
A000071,Ravi Abdullah,910811-02-3476,affluent,PJ01,2019-10-15,140461.82
A000072,Ravi Raj,500713-05-1153,mass,KL02,2010-09-20,18908.36
A000073,Aisha Rahman,760801-14-1058,mass,PG01,2023-02-21,14341.79
A000074,Jason Lim,780209-14-2851,mass,PJ01,2011-06-21,5067.69
A000075,Mei Ling Rahman,710218-06-6529,mass,KC01,2017-06-14,11392.81
A000076,Ravi Ismail,521114-13-6016,mass,JB01,2022-12-24,10854.43
A000077,Jason Nair,601128-07-4492,mass,KK01,2023-07-27,19914.19
A000078,Siti Abdullah,580531-12-8482,mass,PG01,2016-11-07,15910.44
A000079,Priya Tan,670124-05-1603,mass,JB01,2010-12-07,8924.29
A000080,Kumar Rahman,820127-03-5498,affluent,KK01,2023-03-20,122360.99
A000081,Kumar Wong,970624-13-5223,mass,KL02,2011-02-24,893.76
A000082,Siti Krishnan,720518-01-0489,mass,KT01,2007-02-05,2035.69
A000083,Mei Ling Krishnan,530621-08-2627,mass,IP01,2014-10-15,19606.28
A000084,Ravi Krishnan,941202-10-1383,private,PJ01,2008-05-12,4013024.26
A000085,Wei Ming Hassan,540417-02-2897,mass,PG01,2011-03-23,10216.76
A000086,Priya Ismail,840624-10-3950,mass,KL01,2020-11-09,16000.48
A000087,Aisha Rahman,601127-03-4478,affluent,ML01,2009-03-28,74969.66
A000088,Ahmad Raj,621114-04-8316,mass,PJ01,2022-10-02,16290.33
A000089,Kumar Raj,791021-11-6368,mass,KL02,2021-11-05,11097.81
A000090,Kumar Nair,970703-11-5929,mass,KL02,2007-07-13,12176.45
A000091,Mei Ling Raj,981028-05-3646,mass,JB01,2016-03-03,9457.47
A000092,Priya Nair,860710-06-7966,mass,JB01,2007-05-01,10045.63
A000093,Mei Ling Tan,621216-11-9217,mass,KL01,2021-05-22,9998.11
A000094,Ravi Abdullah,741214-16-6420,affluent,KL02,2013-06-27,270803.88
A000095,Aisha Tan,980510-01-6858,mass,KL02,2009-10-25,13169.56
A000096,Mei Ling Krishnan,810326-15-8417,mass,KC01,2022-07-20,13391.72
A000097,Jason Raj,000729-12-6959,mass,KL01,2015-06-28,14568.20
A000098,Ahmad Hassan,040416-01-4725,mass,KL02,2023-10-02,12565.63
A000099,Ahmad Raj,620413-11-4502,mass,KK01,2023-08-08,9024.09
A000100,Mei Ling Tan,601024-05-6013,mass,KC01,2015-11-09,12296.64
A000101,Priya Ismail,020120-08-8253,mass,KL01,2012-07-04,17766.99
A000102,Wei Ming Krishnan,761215-04-7731,affluent,PJ01,2019-09-09,481075.87
A000103,Ravi Lim,791113-09-0486,affluent,KK01,2011-12-18,160838.95
A000104,Jason Wong,040125-11-4720,mass,JB01,2007-01-30,13849.33
A000105,Nurul Nair,650411-03-2372,mass,ML01,2024-12-08,10694.22
A000106,Ravi Tan,861028-04-9156,mass,KT01,2012-12-07,131.85
A000107,Wei Ming Nair,840430-13-4400,affluent,PG01,2012-08-08,65925.21
A000108,Kumar Abdullah,770612-12-6522,private,KK01,2012-07-09,7855353.45
A000109,Siti Rahman,670211-05-0389,private,KL02,2010-03-04,6368371.52
A000110,Wei Ming Ismail,670819-08-2183,mass,IP01,2011-02-18,8474.63
A000111,Nurul Abdullah,521029-13-5566,mass,KT01,2009-07-21,5891.60
A000112,Jason Hassan,520411-03-4397,mass,KT01,2008-03-13,19939.84
A000113,Kumar Krishnan,871113-10-3359,affluent,PG01,2018-03-08,187924.20
A000114,Mei Ling Abdullah,910601-06-9904,private,KL01,2006-12-07,3098838.08
A000115,Ravi Raj,570930-11-1408,mass,JB01,2015-03-24,9745.86
A000116,Siti Wong,000804-07-7409,mass,KL02,2013-08-02,10354.11
A000117,Jason Tan,870506-01-1464,mass,KL02,2006-11-29,18129.85
A000118,Siti Rahman,740504-07-7060,mass,ML01,2007-05-16,16311.60
A000119,Siti Wong,611123-14-6874,mass,IP01,2009-10-20,7165.54
A000120,Mei Ling Wong,881231-06-1710,mass,KT01,2007-11-09,9876.52
A000121,Wei Ming Lim,790911-01-2104,mass,ML01,2019-05-13,2623.27
A000122,Nurul Tan,890620-14-9429,mass,IP01,2008-07-02,12987.63
A000123,Nurul Hassan,561224-11-3511,mass,KL01,2006-05-31,19591.92
A000124,Ravi Ismail,750425-13-2753,mass,KT01,2007-06-07,6350.09
A000125,Kumar Raj,580706-07-4967,mass,PJ01,2006-12-15,5022.33
A000126,Nurul Nair,971221-14-1517,mass,KL01,2010-10-22,19034.99
A000127,Ahmad Lim,980906-02-8754,mass,IP01,2024-03-11,18084.60
A000128,Aisha Rahman,880903-04-3681,affluent,PJ01,2007-02-04,323873.99
A000129,Wei Ming Nair,000626-14-8778,mass,KL01,2020-06-09,1633.83
A000130,Jason Raj,821213-16-7509,mass,PJ01,2013-12-23,14811.83
A000131,Ravi Krishnan,700614-12-3222,affluent,KL02,2013-05-18,390108.36
A000132,Jason Tan,840918-01-9944,affluent,KL01,2021-10-19,380479.73
A000133,Siti Ismail,000401-13-4023,mass,KL01,2022-05-31,2835.36
A000134,Ravi Lim,040105-02-9268,mass,ML01,2014-07-19,14847.38
A000135,Mei Ling Krishnan,640716-15-4001,mass,KT01,2007-08-05,17172.03
A000136,Mei Ling Raj,880803-05-2518,mass,KL02,2015-02-07,7119.47
A000137,Mei Ling Tan,810312-16-1263,mass,ML01,2023-06-29,1200.06
A000138,Nurul Wong,761208-01-1300,affluent,ML01,2019-11-23,392156.94
A000139,Jason Nair,640724-09-2018,affluent,KL01,2013-11-22,61634.52
A000140,Mei Ling Hassan,720812-12-4871,affluent,KT01,2009-10-24,285222.39
A000141,Ravi Rahman,890531-10-3726,mass,IP01,2021-03-11,6629.55
A000142,Nurul Tan,820310-16-0827,affluent,ML01,2008-05-26,393454.90
A000143,Ahmad Hassan,861101-06-1289,private,JB01,2022-06-02,2126918.32
A000144,Wei Ming Wong,510925-09-8885,mass,KL02,2022-02-11,9357.82
A000145,Ahmad Tan,510321-09-4084,affluent,KT01,2013-06-09,124387.38
A000146,Ravi Tan,630306-08-5963,mass,KL02,2013-02-27,5743.64
A000147,Ahmad Ismail,861127-14-6973,mass,PG01,2013-03-29,14531.93
A000148,Aisha Rahman,680816-15-7423,private,KT01,2020-02-08,2350142.72
A000149,Ahmad Rahman,540220-15-4851,mass,PJ01,2010-01-24,7088.14
A000150,Mei Ling Raj,910217-14-2217,mass,ML01,2025-01-30,16560.50
A000151,Jason Rahman,970308-03-6283,mass,KL02,2012-03-26,8728.83
A000152,Wei Ming Ismail,760425-10-2876,private,KC01,2025-04-16,7462738.77
A000153,Wei Ming Ismail,031025-08-4829,affluent,PJ01,2009-09-18,417087.67
A000154,Kumar Lim,750929-07-9694,affluent,KC01,2023-03-10,119848.16
A000155,Aisha Rahman,650413-11-0976,affluent,KL01,2016-07-07,274485.61
A000156,Priya Tan,860411-08-4493,affluent,JB01,2005-07-28,165646.56
A000157,Nurul Raj,530111-15-0544,private,KT01,2022-08-24,5261100.28
A000158,Ahmad Wong,900213-01-4757,mass,KK01,2008-12-26,14094.88
A000159,Priya Tan,940613-12-2431,affluent,ML01,2021-12-22,153019.19
A000160,Ahmad Lim,840325-10-3270,mass,KK01,2011-04-26,319.00
A000161,Priya Tan,650905-11-1251,affluent,KT01,2022-04-05,389506.09
A000162,Ravi Tan,801203-02-8301,mass,JB01,2009-07-12,13355.34
A000163,Wei Ming Hassan,960704-12-5276,affluent,KC01,2008-01-25,58821.27
A000164,Jason Wong,660504-02-1439,mass,ML01,2013-03-09,18105.38
A000165,Nurul Rahman,870526-04-3288,mass,KL02,2012-08-21,14436.65
A000166,Siti Krishnan,650219-14-9208,private,ML01,2011-07-02,7489904.07
A000167,Ravi Krishnan,960118-05-8268,affluent,KL01,2014-06-15,475790.04
A000168,Nurul Nair,830901-09-3606,mass,KT01,2017-11-24,13219.35
A000169,Priya Abdullah,950528-08-4796,mass,PJ01,2008-05-16,16544.28
A000170,Kumar Tan,890407-03-8135,mass,KC01,2005-11-27,7239.38
A000171,Priya Nair,961118-01-9025,mass,KC01,2020-01-15,16386.66
A000172,Ravi Raj,911125-11-2580,mass,KC01,2016-03-09,15018.94
A000173,Priya Abdullah,790614-15-6607,mass,PG01,2019-01-14,9001.50
A000174,Wei Ming Ismail,990604-14-9164,mass,JB01,2013-01-01,7816.88
A000175,Ahmad Krishnan,920616-08-8680,mass,KT01,2024-01-06,8160.19
A000176,Siti Ismail,731205-09-6185,mass,PJ01,2019-10-03,18522.77
A000177,Ravi Rahman,930509-15-5855,mass,PJ01,2011-02-26,576.87
A000178,Siti Ismail,030624-03-1857,mass,PG01,2024-10-10,15020.56
A000179,Jason Hassan,650827-05-7138,affluent,IP01,2005-12-28,435383.50
A000180,Nurul Rahman,520519-16-9842,mass,KT01,2010-12-10,2718.56
A000181,Ahmad Rahman,521003-06-2091,mass,KL02,2023-12-04,16044.35
A000182,Ravi Tan,650305-14-6061,mass,KC01,2021-06-14,16224.99
A000183,Ahmad Raj,500124-14-6148,mass,KK01,2010-10-10,6950.04
A000184,Jason Lim,541214-03-7938,affluent,KT01,2020-10-04,93309.48
A000185,Mei Ling Abdullah,801022-13-3851,mass,ML01,2017-11-25,17717.63
A000186,Ahmad Nair,710314-09-9440,affluent,KC01,2021-05-25,480561.14
A000187,Ahmad Ismail,840904-05-8497,mass,PJ01,2010-04-29,13429.43
A000188,Nurul Abdullah,821024-01-5073,mass,KL02,2019-09-20,9907.25
A000189,Ahmad Hassan,040208-06-0527,mass,KK01,2008-09-12,9533.84
A000190,Aisha Wong,550525-11-5406,affluent,PG01,2009-12-12,140856.94
A000191,Priya Nair,970824-11-4666,mass,KC01,2022-11-13,9618.33
A000192,Ahmad Krishnan,870409-08-6089,mass,IP01,2025-05-27,6236.05
A000193,Nurul Wong,960321-13-4698,mass,IP01,2015-07-31,10388.73
A000194,Jason Rahman,751208-13-9193,mass,KL01,2007-06-25,18209.20
A000195,Ravi Rahman,970609-16-2793,affluent,PJ01,2010-07-24,204676.85
A000196,Aisha Lim,710820-01-7720,affluent,KC01,2006-04-21,370192.78
A000197,Kumar Rahman,850601-03-0223,mass,IP01,2012-12-30,180.52
A000198,Aisha Hassan,820525-12-6673,mass,KK01,2013-10-01,15115.53
A000199,Wei Ming Hassan,760721-14-5144,mass,IP01,2019-03-29,5686.10
A000200,Ahmad Rahman,761106-08-2545,mass,JB01,2015-04-15,16641.51
